ts,mode,connections,rate_per_conn,duration_s,sent,acked,nacked,lost,qps,avg_ms,p50_ms,p90_ms,p99_ms,max_ms,cpu_pct,rss_peak_mb
2026-09-24 23:17:53,private-rooms,50,2.0,10.0,1000,1000,0,0,100.0,0.563,0.44,1.026,2.35,4.618,1.2,10.2
2026-09-24 23:18:20,private-rooms,100,5.0,10.0,5000,5000,0,0,500.0,0.696,0.503,1.316,3.564,11.897,5.1,12.4
2026-09-24 23:18:42,tls+private-rooms,50,2.0,10.0,1000,1000,0,0,100.0,0.697,0.537,1.29,3.042,4.772,1.3,18.0
2026-09-24 23:19:09,tls+private-rooms,100,5.0,10.0,5000,5000,0,0,500.0,1.045,0.657,2.121,6.511,13.81,5.8,24.0
2026-09-25 01:26:46,cpp+private-rooms,10,5.00,5.00,0,0,0,0,0.0,0.000,0.000,0.000,0.000,0.000,0.0,0.0
2026-09-25 01:28:57,cpp+private-rooms,10,5.00,5.00,250,250,0,0,50.0,3.566,3.347,4.486,7.739,11.104,0.0,0.0
2026-09-25 01:33:52,cpp+private-rooms,10,5.00,5.00,250,250,0,0,50.0,3.004,3.055,3.946,6.048,6.606,0.6,8.6
2026-09-25 01:35:16,cpp+private-rooms,1,5.00,4.00,20,20,0,0,5.0,0.233,0.239,0.278,0.381,0.398,0.0,0.0
2026-09-25 01:35:23,cpp+private-rooms,4,5.00,4.00,80,80,0,0,20.0,0.258,0.161,0.382,1.829,1.927,0.0,0.0
2026-09-25 01:35:51,cpp+private-rooms,2,5.00,4.00,40,40,0,0,10.0,0.273,0.239,0.331,0.922,1.009,0.0,0.0
2026-09-25 01:35:59,cpp+private-rooms,10,5.00,4.00,200,200,0,0,50.0,1.156,0.608,3.221,3.889,4.090,0.0,0.0
2026-09-25 01:36:06,cpp+private-rooms,10,5.00,4.00,200,200,0,0,50.0,0.442,0.364,0.819,1.884,2.384,0.0,0.0
2026-09-25 01:36:41,cpp+private-rooms,10,5.00,4.00,200,200,0,0,50.0,0.360,0.235,0.776,1.502,1.652,0.0,0.0
2026-09-25 01:36:48,cpp+private-rooms,10,5.00,4.00,200,200,0,0,50.0,0.531,0.347,1.144,2.196,3.228,0.0,0.0
2026-09-25 01:36:56,cpp+private-rooms,10,5.00,4.00,200,200,0,0,50.0,0.410,0.241,0.914,1.859,2.356,0.0,0.0
2026-09-25 01:37:04,cpp+private-rooms,10,5.00,4.00,200,200,0,0,50.0,0.330,0.254,0.483,1.839,2.036,0.1,8.7
2026-09-25 01:37:12,cpp+private-rooms,10,5.00,4.00,200,200,0,0,50.0,0.368,0.266,0.748,1.621,1.798,0.4,8.7
2026-09-25 01:38:21,cpp+private-rooms,50,5.00,8.00,2000,2000,0,0,250.0,3.461,3.526,5.203,6.998,8.345,2.8,10.4
2026-09-25 01:38:43,cpp+private-rooms,100,5.00,8.00,4000,4000,0,0,500.0,4.213,3.881,7.055,13.581,18.739,4.4,12.1
2026-09-25 01:39:15,cpp+private-rooms,200,5.00,8.00,8000,8000,0,0,1000.0,5.821,5.479,9.913,14.062,18.266,8.1,15.7
2026-09-25 01:40:48,cpp+private-rooms,500,5.00,8.00,20000,20000,0,0,2500.0,17.250,15.427,31.799,43.457,57.651,25.3,26.0
2026-09-25 01:42:35,cpp+private-rooms,1000,5.00,8.00,18960,18960,0,0,2370.0,38.879,24.987,82.006,265.259,352.585,35.7,29.1
2026-09-25 01:43:28,cpp+private-rooms,100,0.00,8.00,1575574,0,0,1575574,0.0,0.000,0.000,0.000,0.000,0.000,93.8,43.3
2026-09-25 01:43:54,cpp+private-rooms,200,0.00,8.00,1652750,59497,0,1593253,7437.1,1624.678,591.621,5528.175,7722.120,9082.974,89.8,42.0
2026-09-25 01:46:49,cpp+private-rooms,200,0.00,8.00,1421691,0,0,1421691,0.0,0.000,0.000,0.000,0.000,0.000,0.0,0.0
2026-09-25 01:47:26,private-rooms,50,2.0,10.0,1000,1000,0,0,100.0,2.601,2.56,3.97,6.181,8.967,0.0,2.1
2026-09-25 01:48:37,cpp+private-rooms,50,5.00,4.00,1000,1000,0,0,250.0,1.353,0.605,2.384,16.869,18.061,0.0,0.0
2026-09-25 01:49:43,cpp+private-rooms,50,5.00,5.00,1250,1250,0,0,250.0,0.952,0.642,2.301,4.183,4.396,0.0,0.0
2026-09-25 01:50:26,cpp+private-rooms,500,5.00,6.00,15000,15000,0,0,2500.0,17.545,15.437,33.330,46.693,58.599,0.0,0.0
2026-09-25 01:57:25,cpp+private-rooms,50,5.00,5.00,1250,1250,0,0,250.0,4.297,4.134,5.973,9.770,11.480,3.1,11.1
2026-09-25 01:57:44,cpp+private-rooms,1,50.00,4.00,200,200,0,0,50.0,0.546,0.367,0.881,3.096,4.022,0.0,0.0
2026-09-25 01:57:51,cpp+private-rooms,2,25.00,4.00,200,200,0,0,50.0,0.487,0.318,0.790,3.978,11.776,0.0,0.0
2026-09-25 01:57:58,cpp+private-rooms,10,5.00,4.00,200,200,0,0,50.0,0.490,0.385,1.027,1.563,3.646,0.0,0.0
2026-09-25 01:58:08,cpp+private-rooms,50,5.00,4.00,1000,1000,0,0,250.0,0.625,0.503,1.286,2.228,3.085,0.0,0.0
2026-09-25 01:58:37,cpp+private-rooms,50,5.00,8.00,2000,2000,0,0,250.0,2.497,2.036,5.272,7.217,9.441,1.9,11.5
2026-09-25 01:58:57,cpp+private-rooms,100,5.00,8.00,4000,4000,0,0,500.0,3.314,2.858,5.279,24.518,41.340,4.7,13.9
2026-09-25 01:59:24,cpp+private-rooms,200,5.00,8.00,8000,8000,0,0,1000.0,11.372,9.348,18.068,99.528,151.020,14.0,17.2
2026-09-25 02:00:15,cpp+private-rooms,500,5.00,8.00,20000,20000,0,0,2500.0,22.671,17.985,43.219,100.878,166.997,32.2,26.5
2026-09-25 02:01:35,cpp+private-rooms,1000,5.00,8.00,36720,36720,0,0,4590.0,172.603,30.998,674.680,1615.245,2644.646,49.6,40.3
2026-09-25 02:02:38,private-rooms,50,2.0,10.0,1000,1000,0,0,100.0,1.354,0.64,3.521,6.76,11.897,1.3,26.7
2026-09-25 02:02:54,shared#lobby,50,2.0,10.0,1000,1000,0,0,100.0,0.376,0.26,0.638,2.697,5.15,0.5,26.7
2026-09-25 02:03:11,private-rooms,100,5.0,10.0,5000,5000,0,0,500.0,2.034,1.466,4.436,7.495,13.229,5.8,27.6
2026-09-25 02:04:29,private-rooms,50,2.0,10.0,1000,1000,0,0,100.0,0.991,0.597,2.492,4.634,7.124,1.3,10.2
2026-09-25 02:04:45,shared#lobby,50,2.0,10.0,1000,1000,0,0,100.0,0.568,0.336,0.976,6.082,9.214,0.7,10.5
2026-09-25 02:05:03,private-rooms,100,5.0,10.0,5000,5000,0,0,500.0,1.392,0.637,3.674,6.51,9.677,5.8,12.5
2026-09-25 02:06:54,tls+private-rooms,50,2.0,10.0,1000,1000,0,0,100.0,0.761,0.566,1.321,3.699,5.373,1.4,18.2
2026-09-25 02:07:12,tls+private-rooms,100,5.0,10.0,5000,5000,0,0,500.0,2.373,1.193,5.533,14.567,24.678,6.5,24.2
2026-09-25 14:26:31,cpp+private-rooms,50,5.00,8.00,2000,2000,0,0,250.0,2.902,2.726,4.648,7.170,14.106,2.9,10.5
2026-09-25 14:27:42,cpp+private-rooms,500,5.00,8.00,16000,15225,0,775,1903.1,21.308,20.133,37.334,54.329,82.309,0.0,25.7
2026-09-25 14:31:09,cpp+private-rooms,500,5.00,6.00,14400,14400,0,0,2400.0,146.533,32.448,419.922,1080.901,2003.525,0.0,0.0
2026-09-25 14:32:14,cpp+private-rooms,50,5.00,8.00,2000,2000,0,0,250.0,1.582,1.404,3.094,4.283,5.801,0.0,0.0
2026-09-25 14:32:57,cpp+private-rooms,500,5.00,8.00,20000,20000,0,0,2500.0,10.395,7.660,23.620,44.986,70.225,0.0,0.0
2026-09-25 14:34:42,cpp+private-rooms,1000,5.00,8.00,19680,19680,0,0,2460.0,83.804,24.231,223.696,528.117,1175.930,0.0,0.0
2026-09-25 14:39:52,cpp+private-rooms,500,5.00,8.00,11160,11160,0,0,1395.0,17.862,15.691,31.630,67.855,92.597,13.9,18.9
2026-09-25 14:42:54,cpp+private-rooms,1000,5.00,8.00,10920,10920,0,0,1365.0,19.425,16.172,34.672,51.158,68.656,13.9,21.6
2026-09-25 14:46:42,cpp+private-rooms,500,5.00,8.00,20000,20000,0,0,2500.0,19.158,18.934,35.239,42.932,54.440,0.0,0.0
2026-09-25 14:48:52,cpp+private-rooms,1000,5.00,8.00,20440,20440,0,0,2555.0,19.866,17.373,35.992,80.156,115.342,0.0,0.0
2026-09-25 14:55:19,cpp+private-rooms,500,5.00,8.00,16292,15573,0,719,1946.6,23.061,21.945,40.202,61.309,91.161,0.0,0.0
2026-09-25 15:02:35,cpp+private-rooms,500,5.00,8.00,20000,20000,0,0,2500.0,24.921,23.396,43.682,72.885,94.479,0.0,0.0
2026-09-25 15:04:17,cpp+private-rooms,1000,5.00,8.00,20320,20320,0,0,2540.0,83.659,22.380,231.025,606.614,1300.393,0.0,0.0
2026-09-25 15:05:00,cpp+private-rooms,500,5.00,8.00,20000,20000,0,0,2500.0,6.296,5.575,12.640,16.333,19.246,0.0,0.0
2026-09-25 15:06:11,cpp+private-rooms,1000,5.00,8.00,40000,40000,0,0,5000.0,13.519,12.433,26.070,33.115,51.536,0.0,0.0
2026-09-25 15:20:11,cpp+private-rooms,200,5.00,30.00,30000,30000,0,0,1000.0,28.542,25.866,49.023,70.147,101.203,0.0,0.0
2026-09-25 15:21:37,cpp+private-rooms,500,5.00,30.00,75000,75000,0,0,2500.0,49.702,44.038,91.422,149.656,504.038,0.0,0.0
2026-09-25 15:22:42,cpp+private-rooms,150,8.00,5.00,6000,6000,0,0,1200.0,7.225,6.773,11.488,15.852,17.832,0.0,0.0
2026-09-25 15:22:59,cpp+private-rooms,150,8.00,5.00,6000,6000,0,0,1200.0,8.216,8.197,12.039,17.027,23.430,0.0,0.0
2026-09-25 15:23:16,cpp+private-rooms,150,8.00,5.00,6000,6000,0,0,1200.0,8.965,9.122,12.907,19.690,25.480,0.0,0.0
2026-09-25 15:34:57,cpp+private-rooms,1000,5.00,8.00,19560,19560,0,0,2445.0,111.657,32.717,288.389,662.139,1310.606,0.0,0.0
2026-09-25 15:36:12,cpp+private-rooms,1000,5.00,8.00,38080,38080,0,0,4760.0,104.003,22.457,330.166,904.534,1890.635,0.0,0.0
2026-09-25 15:37:27,cpp+private-rooms,1000,5.00,8.00,38240,38240,0,0,4780.0,13.684,13.012,24.766,35.084,75.649,0.0,0.0
2026-09-25 15:38:40,cpp+private-rooms,1000,8.00,8.00,62976,43512,0,19464,5439.0,257.867,17.928,1079.167,3001.052,5109.098,0.0,0.0
2026-09-25 15:39:52,cpp+private-rooms,1000,8.00,8.00,64000,64000,0,0,8000.0,30.638,19.196,69.686,202.374,511.939,0.0,0.0
2026-09-25 15:41:05,cpp+private-rooms,1000,8.00,8.00,64000,64000,0,0,8000.0,14.985,14.292,26.375,34.073,48.429,0.0,0.0
2026-09-25 15:42:04,private-rooms,50,2.0,10.0,1000,1000,0,0,100.0,0.684,0.564,1.232,2.666,3.526,1.3,31.6
2026-09-25 15:42:20,shared#lobby,50,2.0,10.0,1000,1000,0,0,100.0,0.338,0.281,0.568,1.116,3.08,0.8,31.6
2026-09-25 15:42:38,private-rooms,100,5.0,10.0,5000,5000,0,0,500.0,0.983,0.571,1.755,11.387,21.323,5.8,33.7
2026-09-25 15:44:00,private-rooms,50,2.0,10.0,1000,1000,0,0,100.0,0.591,0.477,1.044,2.156,3.546,1.3,10.3
2026-09-25 15:44:16,shared#lobby,50,2.0,10.0,1000,1000,0,0,100.0,0.38,0.241,0.593,2.735,3.822,0.9,10.6
2026-09-25 15:44:34,private-rooms,100,5.0,10.0,5000,5000,0,0,500.0,0.687,0.495,1.303,3.588,9.46,5.2,12.6
2026-09-25 15:48:00,tls+private-rooms,50,2.0,10.0,1000,1000,0,0,100.0,0.822,0.651,1.466,3.208,4.907,1.4,18.3
2026-09-25 15:48:18,tls+private-rooms,100,5.0,10.0,5000,5000,0,0,500.0,0.777,0.598,1.462,3.213,8.96,6.0,24.3
2026-09-25 16:13:50,cpp+private-rooms,200,5.00,20.00,20000,20000,0,0,1000.0,25.212,22.254,43.200,71.045,105.931,0.0,0.0
2026-09-25 16:14:03,cpp+private-rooms,100,8.00,4.00,3200,3200,0,0,800.0,4.047,3.721,7.185,13.516,18.629,0.0,0.0
2026-09-25 16:14:17,cpp+private-rooms,100,8.00,4.00,3200,3200,0,0,800.0,4.204,3.827,7.059,11.102,13.074,0.0,0.0
